"Alca_torda",171.056528398899
"Alioramus_altai",497.90700849692
"Alligator_Adult_endocast",306.540141079782
"Alligator_Hatchling_1_endocast",90.9255617929257
"Alligator_Hatchling_2_endocast",88.3514454169898
"Alligator_Hatchling_3_endocast",87.0854820416624
"Alligator_Hatchling_4_endocast",85.6654799165034
"Alligator_Juvenile_1_endocast",151.412775740613
"Alligator_Juvenile_2_endocast",150.914608931161
"Alligator_Subadult_1_endocast",178.040378075434
"Alligator_Subadult_2_endocast",212.738601572961
"Alligator_Yearling_1_endocast",128.861921476456
"Alligator_Yearling_2_endocast",143.359478180158
"Alligator_Yearling_3_endocast",122.279566233101
"Alligator_Yearling_4_endocast",112.622359834886
"Alligator_Yearling_5_endocast",105.129141722195
"Anas_platyrhynchos",177.588791935231
"Apteryx_sp",196.551747847094
"Archaeopteryx_lithographica",116.637990496756
"Brotogeris_chrysoptera",114.467209775269
"Bucorvus_abyssinicus",258.162959746057
"Caloenas_nicobarica",137.588275590427
"Cariama_cristata",234.374758358487
"Casuarius_casuarius",289.696056185624
"Casuarius_unappendiculatus",284.498945337605
"Chauna_chavaria",187.967231822136
"Chicken_1day_1_endocast",95.7991912907853
"Chicken_1day_2_endocast",101.551553484836
"Chicken_1day_3_endocast",96.2572540591984
"Chicken_1day_4_endocast",94.0013296211797
"Chicken_1week_1_endocast",106.148623671252
"Chicken_1week_2_endocast",104.432426076605
"Chicken_3week_1_endocast",122.822770215876
"Chicken_3week_2_endocast",120.616812604238
"Chicken_6week_1_endocast",132.181824703475
"Chicken_6week_2_endocast",132.43670108434
"Chicken_8week_1_endocast",152.981367778779
"Chicken_8week_2_endocast",146.122150863664
"Chicken_Adult_1_endocast",143.294667535137
"Chicken_Adult_2_endocast",141.745657952599
"Chordeiles_minor",90.5832744779596
"Citipati_osmolskae",310.946589974879
"Coragyps_atratus",191.036923432512
"Corythosaurus_CMN34821",570.768149852237
"Corythosaurus_ROM759_endocast",424.537163529061
"Crypturellus_tataupa",103.547764461852
"Phoebastria_immutabilis",224.64336948567
"Dromaius_novaehollandiae",287.853315324315
"Eudyptes_sp",214.786938960361
"Fregata_magnificens",197.515452384481
"Gallirallus_australis",163.056273568577
"Gallirallus_phillippensis",123.066661675695
"Gallirallus_rovianae",142.453060810511
"Gavia_immer",206.64682275036
"Gorgosaurus_ROM1247_endocast",578.958950408898
"Grus_canadensis",227.887140920166
"Haliaeetus_leucocephalus",249.441589851147
"Hypacrosaurus_ROM702_endocast",691.992896363812
"Incisivosaurus_gauthieri",194.142017115995
"IGM_100-1126",148.792415971726
"Psittacosaurus_lujiatunensis_IVPP12617",220.061854804932
"Psittacosaurus_lujiatunensis_IVPP15451",80.4559148989133
"Khaan_mckennai",239.8704503709
"Lambeosaurus_juv_ROM758_endocast",445.806784387319
"Melanerpes_aurifrons",120.453724218204
"Nestor_meridionalis",207.366617391769
"Phaethon_rubricauda",154.645634279809
"Phalacrocorax_harrisi",218.992806119901
"Phalacrocorax_penicillatus",219.359887923905
"Pinguinus_impennis",209.199807015997
"Psittacosaurus_lujiatunensis_PKUP1053",204.951321848032
"Psittacosaurus_lujiatunensis_PKUP1054",251.474525908768
"Podilymbus_podiceps",128.748296203644
"Ptilinopus_melanospilus",101.051463189928
"Raphus_cucullatus",233.11960344764
"Rhea_americana",274.127251624429
"Struthio_camelus",370.074613997496
"T.rex_AMNH5029_endocast",776.591463863449
"T.rex_AMNH5117_endocast",780.021334169374
"T.rex_CMNH7541_endocast",473.922657681564
"T.rex_FMNH_PR2081_endocast",856.362521729458
"Tachyeres_brachypterus",216.698354107148
"Tachyeres_leucocephalus",203.822973704617
"Tachyeres_pteneres",211.00273704755
"Zanabazar_junior",324.112979907823
